{
  "accuracy": [
    0.2666666805744171,
    0.4333333373069763,
    0.5,
    0.5111111402511597,
    0.5888888835906982,
    0.6111111044883728,
    0.5444444417953491,
    0.5888888835906982,
    0.7222222089767456,
    0.7444444298744202,
    0.7222222089767456,
    0.7777777910232544,
    0.8333333134651184,
    0.8222222328186035,
    0.8999999761581421,
    0.8999999761581421,
    0.9222221970558167,
    0.8999999761581421,
    0.9333333373069763,
    0.9222221970558167,
    0.9555555582046509,
    0.9555555582046509,
    0.9666666388511658,
    0.9666666388511658,
    0.9666666388511658,
    0.9777777791023254,
    0.9888888597488403,
    0.9888888597488403,
    0.9888888597488403,
    1.0,
    1.0,
    0.9777777791023254,
    1.0,
    0.9888888597488403,
    0.9777777791023254,
    1.0,
    0.9888888597488403,
    1.0,
    0.9777777791023254,
    1.0,
    1.0,
    1.0,
    1.0,
    0.9888888597488403,
    0.9888888597488403,
    0.9777777791023254,
    1.0,
    0.9777777791023254,
    1.0,
    1.0,
    1.0,
    1.0,
    1.0,
    1.0,
    1.0,
    1.0,
    1.0,
    0.9888888597488403,
    1.0,
    0.9888888597488403,
    0.9888888597488403,
    1.0,
    1.0,
    1.0,
    1.0,
    1.0,
    1.0,
    1.0,
    1.0,
    1.0,
    1.0,
    1.0,
    1.0,
    1.0,
    1.0,
    1.0,
    1.0,
    1.0,
    1.0,
    1.0,
    1.0,
    1.0
  ],
  "loss": [
    1.7603479623794556,
    1.411596655845642,
    1.256878137588501,
    1.2231935262680054,
    1.1371358633041382,
    1.072500467300415,
    1.0439012050628662,
    0.9980410933494568,
    0.9130090475082397,
    0.8234609961509705,
    0.8536553978919983,
    0.7622291445732117,
    0.6751394867897034,
    0.6149193048477173,
    0.5135543942451477,
    0.48056760430336,
    0.45607784390449524,
    0.4135710895061493,
    0.3231949806213379,
    0.36121267080307007,
    0.2474597990512848,
    0.2509698271751404,
    0.19854995608329773,
    0.17622897028923035,
    0.172014981508255,
    0.16903916001319885,
    0.1312471628189087,
    0.12317170947790146,
    0.08658032864332199,
    0.07370547950267792,
    0.08711788803339005,
    0.13386088609695435,
    0.11769019067287445,
    0.09826833754777908,
    0.08344495296478271,
    0.07448598742485046,
    0.08517150580883026,
    0.05370909348130226,
    0.08610618114471436,
    0.06401242315769196,
    0.0479276217520237,
    0.048198528587818146,
    0.04743967577815056,
    0.08452309668064117,
    0.06396956741809845,
    0.08904705196619034,
    0.04467364028096199,
    0.0694519504904747,
    0.03449156507849693,
    0.027762236073613167,
    0.03098042495548725,
    0.024752426892518997,
    0.033751074224710464,
    0.03272467106580734,
    0.02208314836025238,
    0.023146016523241997,
    0.01600639894604683,
    0.04272067919373512,
    0.02467953972518444,
    0.05265210568904877,
    0.03955021873116493,
    0.03339611366391182,
    0.027113839983940125,
    0.017628438770771027,
    0.025437360629439354,
    0.022678418084979057,
    0.014062689617276192,
    0.02481134422123432,
    0.026161618530750275,
    0.032365377992391586,
    0.02319987304508686,
    0.009115097112953663,
    0.01623787358403206,
    0.014311151579022408,
    0.016215484589338303,
    0.011378846131265163,
    0.013610763475298882,
    0.018427208065986633,
    0.016185106709599495,
    0.017267445102334023,
    0.018107067793607712,
    0.011795631609857082
  ],
  "val_accuracy": [
    0.375,
    0.1875,
    0.1875,
    0.1875,
    0.1875,
    0.1875,
    0.1875,
    0.1875,
    0.3125,
    0.1875,
    0.3125,
    0.3125,
    0.3125,
    0.5,
    0.3125,
    0.5,
    0.5,
    0.5,
    0.4375,
    0.625,
    0.5625,
    0.5625,
    0.6875,
    0.625,
    0.75,
    0.625,
    0.75,
    0.5625,
    0.6875,
    0.625,
    0.625,
    0.75,
    0.6875,
    0.75,
    0.6875,
    0.625,
    1.0,
    0.625,
    0.4375,
    0.625,
    0.625,
    0.9375,
    0.8125,
    0.75,
    0.8125,
    1.0,
    0.6875,
    0.8125,
    0.9375,
    1.0,
    1.0,
    1.0,
    1.0,
    0.8125,
    1.0,
    1.0,
    1.0,
    1.0,
    0.875,
    1.0,
    0.875,
    1.0,
    1.0,
    1.0,
    1.0,
    1.0,
    1.0,
    1.0,
    0.9375,
    1.0,
    1.0,
    1.0,
    1.0,
    1.0,
    1.0,
    1.0,
    1.0,
    1.0,
    1.0,
    1.0,
    1.0,
    1.0
  ],
  "val_loss": [
    1.7131304740905762,
    1.628272294998169,
    1.5992186069488525,
    1.5718973875045776,
    1.5375757217407227,
    1.529828667640686,
    1.56089186668396,
    1.5707327127456665,
    1.515665054321289,
    1.4527080059051514,
    1.4809324741363525,
    1.39674973487854,
    1.4711151123046875,
    1.343031406402588,
    1.3436452150344849,
    1.29810631275177,
    1.2510634660720825,
    1.2328128814697266,
    1.3337924480438232,
    1.1355969905853271,
    1.2513337135314941,
    1.2180359363555908,
    1.2157950401306152,
    1.168224811553955,
    1.0413278341293335,
    1.0996429920196533,
    1.031348705291748,
    1.092783808708191,
    1.0877821445465088,
    0.9891666173934937,
    1.1672261953353882,
    0.8931112885475159,
    0.9100649952888489,
    0.7822510004043579,
    0.8403864502906799,
    0.9061847925186157,
    0.5972393751144409,
    0.8452116250991821,
    0.8349822759628296,
    0.6890699863433838,
    0.6873571276664734,
    0.4356664717197418,
    0.5872094631195068,
    0.46100378036499023,
    0.4071739912033081,
    0.5187035202980042,
    0.5217595100402832,
    0.4920153021812439,
    0.30846524238586426,
    0.1790856271982193,
    0.1814613789319992,
    0.16469033062458038,
    0.21492019295692444,
    0.305495947599411,
    0.14603933691978455,
    0.18836528062820435,
    0.0768413245677948,
    0.12044229358434677,
    0.3812100291252136,
    0.14117735624313354,
    0.2749621570110321,
    0.08354514837265015,
    0.043478578329086304,
    0.03328917175531387,
    0.034253429621458054,
    0.03764091432094574,
    0.02953980676829815,
    0.06899553537368774,
    0.10515490174293518,
    0.08346442878246307,
    0.06934113800525665,
    0.04795130342245102,
    0.043390460312366486,
    0.04018532857298851,
    0.033007677644491196,
    0.06649085879325867,
    0.059355467557907104,
    0.04679997265338898,
    0.04689532145857811,
    0.08099555969238281,
    0.0833626389503479,
    0.06371916085481644
  ],