{
  "accuracy": [
    0.2222222238779068,
    0.5333333611488342,
    0.6222222447395325,
    0.6666666865348816,
    0.7888888716697693,
    0.8111110925674438,
    0.8999999761581421,
    0.8666666746139526,
    0.9333333373069763,
    0.9444444179534912,
    0.9222221970558167,
    0.9777777791023254,
    0.9888888597488403,
    0.9888888597488403,
    0.9777777791023254,
    0.9777777791023254,
    1.0,
    1.0,
    1.0,
    0.9888888597488403,
    1.0,
    1.0,
    1.0,
    1.0,
    1.0,
    0.9888888597488403,
    1.0,
    1.0,
    1.0,
    1.0,
    0.9888888597488403,
    1.0,
    1.0,
    1.0,
    1.0,
    1.0,
    1.0,
    1.0,
    1.0,
    1.0,
    1.0,
    1.0,
    1.0,
    1.0,
    1.0,
    1.0,
    1.0,
    1.0,
    1.0,
    1.0,
    1.0,
    1.0,
    1.0,
    1.0,
    1.0,
    1.0,
    1.0,
    1.0,
    1.0,
    1.0,
    1.0,
    1.0,
    1.0,
    1.0,
    1.0,
    1.0,
    1.0,
    1.0,
    1.0,
    1.0,
    1.0,
    1.0,
    1.0,
    1.0,
    1.0,
    1.0,
    1.0,
    1.0,
    1.0,
    1.0,
    1.0,
    1.0,
    1.0,
    1.0,
    1.0,
    1.0,
    1.0,
    1.0,
    1.0,
    1.0,
    1.0,
    1.0,
    1.0,
    1.0,
    1.0,
    1.0,
    1.0,
    1.0,
    1.0,
    1.0
  ],
  "loss": [
    1.748193383216858,
    1.3023761510849,
    1.1375775337219238,
    1.0445588827133179,
    0.900740921497345,
    0.7617040276527405,
    0.6860082149505615,
    0.556588888168335,
    0.45169150829315186,
    0.33151617646217346,
    0.29977530241012573,
    0.23669187724590302,
    0.19516874849796295,
    0.1630367636680603,
    0.12839502096176147,
    0.1173001378774643,
    0.12368553876876831,
    0.10803534090518951,
    0.055781975388526917,
    0.08114766329526901,
    0.044460445642471313,
    0.05427711829543114,
    0.05752037465572357,
    0.03803467005491257,
    0.04894915595650673,
    0.0594707652926445,
    0.033269964158535004,
    0.03558313474059105,
    0.02499740570783615,
    0.02098160982131958,
    0.029622724279761314,
    0.02983928844332695,
    0.02397140860557556,
    0.02131914347410202,
    0.019911445677280426,
    0.016910800710320473,
    0.02280873991549015,
    0.012559943832457066,
    0.012440621852874756,
    0.013842730782926083,
    0.01341473963111639,
    0.011208691634237766,
    0.01568729616701603,
    0.015151114203035831,
    0.016453634947538376,
    0.015553371049463749,
    0.009241297841072083,
    0.010105709545314312,
    0.008606795221567154,
    0.0111723393201828,
    0.008920393884181976,
    0.0049646226689219475,
    0.009588416665792465,
    0.016528012230992317,
    0.011149661615490913,
    0.012117134407162666,
    0.009599024429917336,
    0.007274134084582329,
    0.004564658738672733,
    0.004983661696314812,
    0.004931185394525528,
    0.0050377193838357925,
    0.004850328434258699,
    0.0033405509311705828,
    0.00588204525411129,
    0.0035818563774228096,
    0.00454415800049901,
    0.002876794897019863,
    0.008922780863940716,
    0.004488850478082895,
    0.005195594392716885,
    0.0035272666718810797,
    0.0021772144827991724,
    0.004812354221940041,
    0.007072175852954388,
    0.0023328198585659266,
    0.0048582605086266994,
    0.007608137093484402,
    0.0043489872477948666,
    0.007478910498321056,
    0.006915015634149313,
    0.003915481269359589,
    0.0021947436034679413,
    0.0058797490783035755,
    0.0020812577567994595,
    0.004167158156633377,
    0.0022164476104080677,
    0.0017042123945429921,
    0.009661661460995674,
    0.004653663840144873,
    0.0026224080938845873,
    0.0032947873696684837,
    0.0029488527216017246,
    0.007667248137295246,
    0.003631861414760351,
    0.0040409620851278305,
    0.008784602396190166,
    0.0037728305906057358,
    0.006595136132091284,
    0.003588736755773425
  ],
  "val_accuracy": [
    0.4375,
    0.5,
    0.6875,
    0.75,
    0.8125,
    0.9375,
    1.0,
    1.0,
    1.0,
    1.0,
    1.0,
    1.0,
    1.0,
    1.0,
    1.0,
    1.0,
    1.0,
    1.0,
    1.0,
    1.0,
    1.0,
    1.0,
    1.0,
    1.0,
    1.0,
    1.0,
    1.0,
    1.0,
    1.0,
    1.0,
    1.0,
    1.0,
    1.0,
    1.0,
    1.0,
    1.0,
    1.0,
    1.0,
    1.0,
    1.0,
    1.0,
    1.0,
    1.0,
    1.0,
    1.0,
    1.0,
    1.0,
    1.0,
    1.0,
    1.0,
    1.0,
    1.0,
    1.0,
    1.0,
    1.0,
    1.0,
    1.0,
    1.0,
    1.0,
    1.0,
    1.0,
    1.0,
    1.0,
    1.0,
    1.0,
    1.0,
    1.0,
    1.0,
    1.0,
    1.0,
    1.0,
    1.0,
    1.0,
    1.0,
    1.0,
    1.0,
    1.0,
    1.0,
    1.0,
    1.0,
    1.0,
    1.0,
    1.0,
    1.0,
    1.0,
    1.0,
    1.0,
    1.0,
    1.0,
    1.0,
    1.0,
    1.0,
    1.0,
    1.0,
    1.0,
    1.0,
    1.0,
    1.0,
    1.0,
    1.0
  ],
  "val_loss": [
    1.5266774892807007,
    1.330232858657837,
    1.1771316528320312,
    1.0638587474822998,
    0.9685573577880859,
    0.8561372756958008,
    0.7441158890724182,
    0.6636757850646973,
    0.5889650583267212,
    0.5113823413848877,
    0.43803757429122925,
    0.3693246841430664,
    0.3329448699951172,
    0.30690303444862366,
    0.27768319845199585,
    0.25523045659065247,
    0.22713220119476318,
    0.20916500687599182,
    0.17487457394599915,
    0.14609494805335999,
    0.12655718624591827,
    0.10787738114595413,
    0.11695561558008194,
    0.12092761695384979,
    0.08374764025211334,
    0.08835374563932419,
    0.16622048616409302,
    0.117170549929142,
    0.06943659484386444,
    0.060342177748680115,
    0.05642342567443848,
    0.052558984607458115,
    0.048559416085481644,
    0.04544159024953842,
    0.04011678695678711,
    0.03595833480358124,
    0.031554438173770905,
    0.03306224197149277,
    0.026819070801138878,
    0.023297308012843132,
    0.020448584109544754,
    0.020357878878712654,
    0.019803425297141075,
    0.024454880505800247,
    0.020857997238636017,
    0.018443310633301735,
    0.01745809055864811,
    0.01312184613198042,
    0.011630314402282238,
    0.011984443292021751,
    0.01447715237736702,
    0.016156967729330063,
    0.011408189311623573,
    0.013402059674263,
    0.01654263399541378,
    0.014941943809390068,
    0.010191040113568306,
    0.00814516469836235,
    0.0076049636118113995,
    0.007847363129258156,
    0.007623377256095409,
    0.007187204901129007,
    0.006205984856933355,
    0.005537243094295263,
    0.0052631087601184845,
    0.005236583761870861,
    0.005315879359841347,
    0.005766647402197123,
    0.006500566378235817,
    0.008775369264185429,
    0.009084115736186504,
    0.0083139818161726,
    0.007254874333739281,
    0.005980798043310642,
    0.005376862362027168,
    0.005182177759706974,
    0.004847608972340822,
    0.004344985820353031,
    0.004114133771508932,
    0.004101060796529055,
    0.004070614464581013,
    0.003945855423808098,
    0.003826166270300746,
    0.0036777216009795666,
    0.0035612680949270725,
    0.00352730555459857,
    0.0035086493007838726,
    0.0034898123703897,
    0.0034546377137303352,
    0.0036723283119499683,
    0.003766266629099846,
    0.0036726174876093864,
    0.0035927642602473497,
    0.006419721059501171,
    0.007404329255223274,
    0.007457710802555084,
    0.006471142638474703,
    0.005387521348893642,
    0.004603592678904533,
    0.004354241769760847
  ],