{
  "accuracy": [
    0.2222222238779068,
    0.5333333611488342,
    0.6222222447395325,
    0.6666666865348816,
    0.7888888716697693,
    0.8111110925674438,
    0.8999999761581421,
    0.8666666746139526,
    0.9333333373069763,
    0.9444444179534912,
    0.9222221970558167,
    0.9777777791023254,
    0.9888888597488403,
    0.9888888597488403,
    0.9777777791023254,
    0.9777777791023254,
    1.0,
    1.0,
    1.0,
    0.9888888597488403,
    1.0,
    1.0,
    1.0,
    1.0,
    1.0,
    0.9888888597488403,
    1.0,
    1.0,
    1.0,
    1.0,
    0.9888888597488403,
    1.0,
    1.0,
    1.0,
    1.0,
    1.0,
    1.0,
    1.0,
    1.0,
    1.0,
    1.0,
    1.0,
    1.0,
    1.0,
    1.0,
    1.0,
    1.0,
    1.0,
    1.0,
    1.0,
    1.0,
    1.0,
    1.0,
    1.0,
    1.0,
    1.0,
    1.0,
    1.0,
    1.0,
    1.0,
    1.0,
    1.0,
    1.0,
    1.0,
    1.0,
    1.0,
    1.0,
    1.0,
    1.0,
    1.0,
    1.0,
    1.0,
    1.0,
    1.0,
    1.0,
    1.0,
    1.0,
    1.0,
    1.0,
    1.0,
    1.0,
    1.0,
    1.0,
    1.0,
    1.0,
    1.0,
    1.0,
    1.0,
    1.0,
    1.0,
    1.0,
    1.0,
    1.0,
    1.0,
    1.0,
    1.0,
    1.0,
    1.0,
    1.0,
    1.0
  ],
  "loss": [
    1.748193383216858,
    1.3023761510849,
    1.1375775337219238,
    1.0445588827133179,
    0.9007408022880554,
    0.7617040276527405,
    0.6860082149505615,
    0.556588888168335,
    0.45169156789779663,
    0.33151522278785706,
    0.2997612953186035,
    0.23667652904987335,
    0.1951962411403656,
    0.16311749815940857,
    0.1284019947052002,
    0.11726381629705429,
    0.1231948733329773,
    0.10801747441291809,
    0.055512264370918274,
    0.0824289470911026,
    0.04465198889374733,
    0.05451825633645058,
    0.057303957641124725,
    0.03792882710695267,
    0.048314761370420456,
    0.05950038880109787,
    0.03273377567529678,
    0.035891614854335785,
    0.0250285342335701,
    0.022482719272375107,
    0.02963058091700077,
    0.02987772598862648,
    0.023608416318893433,
    0.021817859262228012,
    0.019765634089708328,
    0.016533194109797478,
    0.022650234401226044,
    0.012745392508804798,
    0.012356315739452839,
    0.01390328910201788,
    0.01329538319259882,
    0.011069363914430141,
    0.015349026769399643,
    0.015246720053255558,
    0.015579327009618282,
    0.015180409885942936,
    0.007997825741767883,
    0.00979230273514986,
    0.008489940315485,
    0.011010540649294853,
    0.008756773546338081,
    0.004954609088599682,
    0.009514130651950836,
    0.01723180152475834,
    0.01284448616206646,
    0.012511702254414558,
    0.00969186145812273,
    0.007613057736307383,
    0.005015204194933176,
    0.005588405765593052,
    0.005151451099663973,
    0.005558827891945839,
    0.005340775940567255,
    0.003529895097017288,
    0.005654769483953714,
    0.003829611698165536,
    0.00539680290967226,
    0.003374315332621336,
    0.012271453626453876,
    0.006132886279374361,
    0.006254523992538452,
    0.004643698688596487,
    0.00276904902420938,
    0.00546106044203043,
    0.007272304967045784,
    0.002535048872232437,
    0.005610040854662657,
    0.008759021759033203,
    0.004945749416947365,
    0.007856983691453934,
    0.007486538030207157,
    0.004120136611163616,
    0.0023395295720547438,
    0.006459154188632965,
    0.002344228560104966,
    0.0044369176030159,
    0.0022176632191985846,
    0.0017730480758473277,
    0.00980733335018158,
    0.004862720146775246,
    0.0026777160819619894,
    0.0034231911413371563,
    0.002949334215372801,
    0.00771657470613718,
    0.003402285510674119,
    0.004024515859782696,
    0.007827329449355602,
    0.0038162863347679377,
    0.0069588301703333855,
    0.0038264275062829256
  ],
  "val_accuracy": [
    0.4375,
    0.5,
    0.6875,
    0.75,
    0.8125,
    0.9375,
    1.0,
    1.0,
    1.0,
    1.0,
    1.0,
    1.0,
    1.0,
    1.0,
    1.0,
    1.0,
    1.0,
    1.0,
    1.0,
    1.0,
    1.0,
    1.0,
    1.0,
    1.0,
    1.0,
    1.0,
    1.0,
    1.0,
    1.0,
    1.0,
    1.0,
    1.0,
    1.0,
    1.0,
    1.0,
    1.0,
    1.0,
    1.0,
    1.0,
    1.0,
    1.0,
    1.0,
    1.0,
    1.0,
    1.0,
    1.0,
    1.0,
    1.0,
    1.0,
    1.0,
    1.0,
    1.0,
    1.0,
    1.0,
    1.0,
    1.0,
    1.0,
    1.0,
    1.0,
    1.0,
    1.0,
    1.0,
    1.0,
    1.0,
    1.0,
    1.0,
    1.0,
    1.0,
    1.0,
    1.0,
    1.0,
    1.0,
    1.0,
    1.0,
    1.0,
    1.0,
    1.0,
    1.0,
    1.0,
    1.0,
    1.0,
    1.0,
    1.0,
    1.0,
    1.0,
    1.0,
    1.0,
    1.0,
    1.0,
    1.0,
    1.0,
    1.0,
    1.0,
    1.0,
    1.0,
    1.0,
    1.0,
    1.0,
    1.0,
    1.0
  ],
  "val_loss": [
    1.5266761779785156,
    1.3302299976348877,
    1.1771271228790283,
    1.063856840133667,
    0.9685459136962891,
    0.8561182022094727,
    0.7441010475158691,
    0.6636748313903809,
    0.5889815092086792,
    0.5114122629165649,
    0.4380815625190735,
    0.36949947476387024,
    0.333004891872406,
    0.3069359362125397,
    0.27720093727111816,
    0.252324640750885,
    0.22355519235134125,
    0.20557108521461487,
    0.17560666799545288,
    0.1482159048318863,
    0.1270880103111267,
    0.10669101774692535,
    0.11397108435630798,
    0.12035749852657318,
    0.08443000912666321,
    0.08912047743797302,
    0.15912625193595886,
    0.12138006091117859,
    0.06980396807193756,
    0.06066971272230148,
    0.058815307915210724,
    0.05436920374631882,
    0.048170056194067,
    0.04289153963327408,
    0.03828016668558121,
    0.03767118975520134,
    0.033464543521404266,
    0.0335555225610733,
    0.025806961581110954,
    0.022806476801633835,
    0.020470239222049713,
    0.020773224532604218,
    0.020923638716340065,
    0.025363169610500336,
    0.021251093596220016,
    0.02029568701982498,
    0.021884165704250336,
    0.01726469211280346,
    0.01340019516646862,
    0.011913896538317204,
    0.013647380284965038,
    0.015832073986530304,
    0.011030820198357105,
    0.02488625980913639,
    0.0122836297377944,
    0.011181613430380821,
    0.010132832452654839,
    0.008627047762274742,
    0.008295217528939247,
    0.00876600295305252,
    0.007806927431374788,
    0.007310652174055576,
    0.0064310855232179165,
    0.005664856173098087,
    0.005377700086683035,
    0.005353629123419523,
    0.005789407528936863,
    0.00756672490388155,
    0.0094399843364954,
    0.011867680586874485,
    0.010445348918437958,
    0.008974440395832062,
    0.007820842787623405,
    0.006657039746642113,
    0.005964296869933605,
    0.0056351181119680405,
    0.005156034138053656,
    0.0044436147436499596,
    0.004179074894636869,
    0.00413839565590024,
    0.004062316846102476,
    0.0038974073249846697,
    0.003776472993195057,
    0.003612849162891507,
    0.00346976425498724,
    0.0033968326169997454,
    0.0033264479134231806,
    0.003271664259955287,
    0.0032576657831668854,
    0.0034712827764451504,
    0.0035396330058574677,
    0.003425793955102563,
    0.003359993686899543,
    0.004284769296646118,
    0.0048880623653531075,
    0.00514824315905571,
    0.004878109320998192,
    0.004575933329761028,
    0.004257549997419119,
    0.004041939973831177
  ],